{
    "train": {
        "loss": 0.07611624151468277,
        "iou_score": 0.8587712049484253
    },
    "eval": {
        "loss": 0.2689337730407715,
        "iou_score": 0.5751884579658508
    },
    "step": 149
}