{
  "Num Images": 481,
  "AP @IoU=0.50:0.95": 0.6263152041222719,
  "AP @IoU=0.50": 0.6801190650594526,
  "AP @IoU=0.75": 0.6774307898722749,
  "AP @IoU=0.95": -1.0,
  "AR @maxDets=1": 0.7810457516339869,
  "AR @maxDets=10": 0.826797385620915,
  "AR @maxDets=100": 0.8294117647058823
}
