{
  "Num Images": 691,
  "AP @IoU=0.50:0.95": 0.6462590269415605,
  "AP @IoU=0.50": 0.7406445088055745,
  "AP @IoU=0.75": 0.7366083273158479,
  "AP @IoU=0.95": -1.0,
  "AR @maxDets=1": 0.8131964809384165,
  "AR @maxDets=10": 0.8718475073313783,
  "AR @maxDets=100": 0.8741935483870968
}