{
  "Num Images": 588,
  "AP @IoU=0.50:0.95": 0.6807370391259567,
  "AP @IoU=0.50": 0.7615299731396309,
  "AP @IoU=0.75": 0.7500428334384049,
  "AP @IoU=0.95": -1.0,
  "AR @maxDets=1": 0.8,
  "AR @maxDets=10": 0.8486842105263157,
  "AR @maxDets=100": 0.8509868421052632
}