{
  "Num Images": 737,
  "AP @IoU=0.50:0.95": 0.6165812653974582,
  "AP @IoU=0.50": 0.7145719633062779,
  "AP @IoU=0.75": 0.7083011393527942,
  "AP @IoU=0.95": -1.0,
  "AR @maxDets=1": 0.7788617886178862,
  "AR @maxDets=10": 0.8615176151761517,
  "AR @maxDets=100": 0.8674796747967479
}