{
  "Num Images": 481,
  "AP @IoU=0.50:0.95": 0.6666330969643569,
  "AP @IoU=0.50": 0.7256505489160752,
  "AP @IoU=0.75": 0.7185581575752256,
  "AP @IoU=0.95": -1.0,
  "AR @maxDets=1": 0.7751633986928105,
  "AR @maxDets=10": 0.8290849673202614,
  "AR @maxDets=100": 0.8316993464052287
}