{
  "Num Images": 588,
  "AP @IoU=0.50:0.95": 0.6984188014804004,
  "AP @IoU=0.50": 0.7833860564928752,
  "AP @IoU=0.75": 0.7833860564928752,
  "AP @IoU=0.95": -1.0,
  "AR @maxDets=1": 0.836513157894737,
  "AR @maxDets=10": 0.8927631578947368,
  "AR @maxDets=100": 0.8986842105263158
}