{
  "Num Images": 588,
  "AP @IoU=0.50:0.95": 0.7421839504763988,
  "AP @IoU=0.50": 0.7860760265294494,
  "AP @IoU=0.75": 0.7845947195646497,
  "AP @IoU=0.95": -1.0,
  "AR @maxDets=1": 0.7901315789473684,
  "AR @maxDets=10": 0.8473684210526315,
  "AR @maxDets=100": 0.8496710526315792
}