{
  "Num Images": 481,
  "AP @IoU=0.50:0.95": 0.6439763622568463,
  "AP @IoU=0.50": 0.7170734939136526,
  "AP @IoU=0.75": 0.7170734939136526,
  "AP @IoU=0.95": -1.0,
  "AR @maxDets=1": 0.765359477124183,
  "AR @maxDets=10": 0.8058823529411765,
  "AR @maxDets=100": 0.8084967320261438
}
