{
  "Num Images": 481,
  "AP @IoU=0.50:0.95": 0.7257088860406049,
  "AP @IoU=0.50": 0.7761828730481416,
  "AP @IoU=0.75": 0.769092794345203,
  "AP @IoU=0.95": -1.0,
  "AR @maxDets=1": 0.7940789473684211,
  "AR @maxDets=10": 0.8578947368421053,
  "AR @maxDets=100": 0.8605263157894738
}
