{
  "Precision": 0.6854219948849105,
  "Recall": 0.9403508771929825,
  "F1": 0.7928994082840237,
  "TP": 536,
  "FN": 34,
  "FP": 246
}