{
  "Precision": 0.7169042769857433,
  "Recall": 0.6808510638297872,
  "F1": 0.6984126984126984,
  "TP": 352,
  "FN": 165,
  "FP": 139
}