{
  "Precision": 0.6902485659655831,
  "Recall": 0.7023346303501945,
  "F1": 0.6962391513982643,
  "TP": 361,
  "FN": 153,
  "FP": 162
}