{
  "Precision": 0.7931034482758621,
  "Recall": 0.7159533073929961,
  "F1": 0.7525562372188139,
  "TP": 368,
  "FN": 146,
  "FP": 96
}
