{
  "Precision": 0.7702702702702703,
  "Recall": 0.6615087040618955,
  "F1": 0.7117585848074922,
  "TP": 342,
  "FN": 175,
  "FP": 102
}
