{
  "Precision": 0.6822916666666666,
  "Recall": 0.7645914396887159,
  "F1": 0.7211009174311926,
  "TP": 393,
  "FN": 121,
  "FP": 183
}