{
  "Precision": 0.7016216216216217,
  "Recall": 0.9516129032258065,
  "F1": 0.8077162414436839,
  "TP": 649,
  "FN": 33,
  "FP": 276
}