{
  "Precision": 0.6794625719769674,
  "Recall": 0.6847195357833655,
  "F1": 0.6820809248554913,
  "TP": 354,
  "FN": 163,
  "FP": 167
}
