{
  "Precision": 0.7128279883381924,
  "Recall": 0.9513618677042801,
  "F1": 0.8150000000000001,
  "TP": 489,
  "FN": 25,
  "FP": 197
}