{
  "Num Images": 46,
  "AP @IoU=0.50:0.95": 0.7232188359242421,
  "AP @IoU=0.50": 1.0,
  "AP @IoU=0.75": 0.8605464087630066,
  "AP @IoU=0.95": -1.0,
  "AR @maxDets=1": 0.6293103448275863,
  "AR @maxDets=10": 0.7827586206896553,
  "AR @maxDets=100": 0.7827586206896553
}