{
  "Num Images": 127,
  "AP @IoU=0.50:0.95": 0.32059575280586367,
  "AP @IoU=0.50": 0.42359850677944244,
  "AP @IoU=0.75": 0.3911216614071286,
  "AP @IoU=0.95": -1.0,
  "AR @maxDets=1": 0.43166666666666664,
  "AR @maxDets=10": 0.4625,
  "AR @maxDets=100": 0.4625
}