{
  "Num Images": 218,
  "AP @IoU=0.50:0.95": 0.7787119703561465,
  "AP @IoU=0.50": 0.8641685577353317,
  "AP @IoU=0.75": 0.8641685577353317,
  "AP @IoU=0.95": -1.0,
  "AR @maxDets=1": 0.8692307692307694,
  "AR @maxDets=10": 0.9274725274725275,
  "AR @maxDets=100": 0.9274725274725275
}