{
  "Num Images": 218,
  "AP @IoU=0.50:0.95": 0.7898324545664407,
  "AP @IoU=0.50": 0.8897480566468913,
  "AP @IoU=0.75": 0.8897480566468913,
  "AP @IoU=0.95": -1.0,
  "AR @maxDets=1": 0.8571428571428573,
  "AR @maxDets=10": 0.9153846153846155,
  "AR @maxDets=100": 0.9153846153846155
}