{
  "Num Images": 481,
  "AP @IoU=0.50:0.95": 0.00014721912649930607,
  "AP @IoU=0.50": 0.0004771094037515243,
  "AP @IoU=0.75": 0.0001356300013563,
  "AP @IoU=0.95": -1.0,
  "AR @maxDets=1": 0.0030959752321981426,
  "AR @maxDets=10": 0.007430340557275543,
  "AR @maxDets=100": 0.008049535603715168
}
