{
  "Num Images": 60,
  "AP @IoU=0.50:0.95": 0.7656447031796265,
  "AP @IoU=0.50": 0.9997287399972874,
  "AP @IoU=0.75": 0.9483734087694483,
  "AP @IoU=0.95": -1.0,
  "AR @maxDets=1": 0.673611111111111,
  "AR @maxDets=10": 0.8097222222222221,
  "AR @maxDets=100": 0.8097222222222221
}