{
  "Num Images": 347,
  "AP @IoU=0.50:0.95": 0.7623419169253004,
  "AP @IoU=0.50": 0.8750568299135224,
  "AP @IoU=0.75": 0.8694373490465168,
  "AP @IoU=0.95": -1.0,
  "AR @maxDets=1": 0.8181818181818181,
  "AR @maxDets=10": 0.893818181818182,
  "AR @maxDets=100": 0.8967272727272728
}