{
  "Num Images": 38,
  "AP @IoU=0.50:0.95": 0.45988446099078983,
  "AP @IoU=0.50": 0.7469904992485221,
  "AP @IoU=0.75": 0.5536399534347779,
  "AP @IoU=0.95": -1.0,
  "AR @maxDets=1": 0.5666666666666667,
  "AR @maxDets=10": 0.6433333333333333,
  "AR @maxDets=100": 0.6433333333333333
}