{
  "Num Images": 127,
  "AP @IoU=0.50:0.95": 0.3269783535665584,
  "AP @IoU=0.50": 0.4585563474460335,
  "AP @IoU=0.75": 0.4027277686889379,
  "AP @IoU=0.95": -1.0,
  "AR @maxDets=1": 0.42000000000000004,
  "AR @maxDets=10": 0.4549999999999999,
  "AR @maxDets=100": 0.4549999999999999
}