{
  "Num Images": 38,
  "AP @IoU=0.50:0.95": 0.0005335210940448883,
  "AP @IoU=0.50": 0.0015025696117998897,
  "AP @IoU=0.75": 0.0,
  "AP @IoU=0.95": -1.0,
  "AR @maxDets=1": 0.013333333333333332,
  "AR @maxDets=10": 0.01666666666666667,
  "AR @maxDets=100": 0.01666666666666667
}
