{
  "Num Images": 218,
  "AP @IoU=0.50:0.95": 0.7779415221360818,
  "AP @IoU=0.50": 0.8886070444916047,
  "AP @IoU=0.75": 0.8886070444916047,
  "AP @IoU=0.95": -1.0,
  "AR @maxDets=1": 0.8631868131868133,
  "AR @maxDets=10": 0.9087912087912089,
  "AR @maxDets=100": 0.9087912087912089
}