{
  "Num Images": 36,
  "AP @IoU=0.50:0.95": 0.4340045965421797,
  "AP @IoU=0.50": 0.7306196411006735,
  "AP @IoU=0.75": 0.4712874648809418,
  "AP @IoU=0.95": -1.0,
  "AR @maxDets=1": 0.5275862068965518,
  "AR @maxDets=10": 0.6206896551724138,
  "AR @maxDets=100": 0.6206896551724138
}