{
  "Num Images": 221,
  "AP @IoU=0.50:0.95": 0.7527771078140644,
  "AP @IoU=0.50": 0.8651724534581833,
  "AP @IoU=0.75": 0.8651724534581833,
  "AP @IoU=0.95": -1.0,
  "AR @maxDets=1": 0.8437837837837838,
  "AR @maxDets=10": 0.8989189189189188,
  "AR @maxDets=100": 0.8989189189189188
}