{
  "Num Images": 347,
  "AP @IoU=0.50:0.95": 0.76410204615318,
  "AP @IoU=0.50": 0.8713811166528863,
  "AP @IoU=0.75": 0.865427437584539,
  "AP @IoU=0.95": -1.0,
  "AR @maxDets=1": 0.833090909090909,
  "AR @maxDets=10": 0.897090909090909,
  "AR @maxDets=100": 0.9010909090909092
}