{
  "Num Images": 481,
  "AP @IoU=0.50:0.95": 0.6603157818501971,
  "AP @IoU=0.50": 0.7172784840066635,
  "AP @IoU=0.75": 0.7148202403458083,
  "AP @IoU=0.95": -1.0,
  "AR @maxDets=1": 0.7869969040247679,
  "AR @maxDets=10": 0.8362229102167185,
  "AR @maxDets=100": 0.8386996904024769
}
