{
  "Num Images": 269,
  "AP @IoU=0.50:0.95": 0.7596347409994463,
  "AP @IoU=0.50": 0.8740465932417866,
  "AP @IoU=0.75": 0.8740465932417866,
  "AP @IoU=0.95": -1.0,
  "AR @maxDets=1": 0.8193693693693694,
  "AR @maxDets=10": 0.890990990990991,
  "AR @maxDets=100": 0.9
}