{
  "Num Images": 6,
  "AP @IoU=0.50:0.95": 0.7381188118811881,
  "AP @IoU=0.50": 1.0,
  "AP @IoU=0.75": 1.0,
  "AP @IoU=0.95": -1.0,
  "AR @maxDets=1": 0.7833333333333333,
  "AR @maxDets=10": 0.7833333333333333,
  "AR @maxDets=100": 0.7833333333333333
}