{
  "Num Images": 127,
  "AP @IoU=0.50:0.95": 0.3250279199662837,
  "AP @IoU=0.50": 0.4316904848173948,
  "AP @IoU=0.75": 0.39765038910848466,
  "AP @IoU=0.95": -1.0,
  "AR @maxDets=1": 0.4341666666666667,
  "AR @maxDets=10": 0.46416666666666667,
  "AR @maxDets=100": 0.46416666666666667
}