{
  "Num Images": 60,
  "AP @IoU=0.50:0.95": 0.7345809250209665,
  "AP @IoU=0.50": 0.9995931099959311,
  "AP @IoU=0.75": 0.9316617376023314,
  "AP @IoU=0.95": -1.0,
  "AR @maxDets=1": 0.6458333333333334,
  "AR @maxDets=10": 0.7777777777777778,
  "AR @maxDets=100": 0.7777777777777778
}