{
  "Num Images": 218,
  "AP @IoU=0.50:0.95": 0.6763989372752122,
  "AP @IoU=0.50": 0.8509543937816568,
  "AP @IoU=0.75": 0.8294119150486687,
  "AP @IoU=0.95": -1.0,
  "AR @maxDets=1": 0.7846153846153847,
  "AR @maxDets=10": 0.8346153846153846,
  "AR @maxDets=100": 0.8346153846153846
}