{
  "Num Images": 38,
  "AP @IoU=0.50:0.95": 0.4622889981824128,
  "AP @IoU=0.50": 0.7174064826853532,
  "AP @IoU=0.75": 0.526529997734372,
  "AP @IoU=0.95": -1.0,
  "AR @maxDets=1": 0.56,
  "AR @maxDets=10": 0.5966666666666667,
  "AR @maxDets=100": 0.6433333333333333
}