{
  "Num Images": 127,
  "AP @IoU=0.50:0.95": 0.32795533621646566,
  "AP @IoU=0.50": 0.4372165471565815,
  "AP @IoU=0.75": 0.4084257012900042,
  "AP @IoU=0.95": -1.0,
  "AR @maxDets=1": 0.4341666666666667,
  "AR @maxDets=10": 0.465,
  "AR @maxDets=100": 0.465
}