{
  "Num Images": 36,
  "AP @IoU=0.50:0.95": 0.44199254628600015,
  "AP @IoU=0.50": 0.6748434833341346,
  "AP @IoU=0.75": 0.5365269075444201,
  "AP @IoU=0.95": -1.0,
  "AR @maxDets=1": 0.5517241379310345,
  "AR @maxDets=10": 0.6379310344827587,
  "AR @maxDets=100": 0.6379310344827587
}