{
  "Num Images": 60,
  "AP @IoU=0.50:0.95": 0.7032764976996133,
  "AP @IoU=0.50": 1.0,
  "AP @IoU=0.75": 0.8615096221218347,
  "AP @IoU=0.95": -1.0,
  "AR @maxDets=1": 0.6194444444444444,
  "AR @maxDets=10": 0.7527777777777779,
  "AR @maxDets=100": 0.7527777777777779
}