{
  "Num Images": 127,
  "AP @IoU=0.50:0.95": 0.23333560536385356,
  "AP @IoU=0.50": 0.3983597685370485,
  "AP @IoU=0.75": 0.23724596293172823,
  "AP @IoU=0.95": -1.0,
  "AR @maxDets=1": 0.335,
  "AR @maxDets=10": 0.37,
  "AR @maxDets=100": 0.37
}