{
  "Num Images": 5,
  "AP @IoU=0.50:0.95": 0.6962871287128712,
  "AP @IoU=0.50": 1.0,
  "AP @IoU=0.75": 0.801980198019802,
  "AP @IoU=0.95": -1.0,
  "AR @maxDets=1": 0.72,
  "AR @maxDets=10": 0.72,
  "AR @maxDets=100": 0.72
}