{
  "Num Images": 36,
  "AP @IoU=0.50:0.95": 0.4414391483043393,
  "AP @IoU=0.50": 0.6997611490955584,
  "AP @IoU=0.75": 0.5045621039938128,
  "AP @IoU=0.95": -1.0,
  "AR @maxDets=1": 0.5620689655172415,
  "AR @maxDets=10": 0.6310344827586207,
  "AR @maxDets=100": 0.6448275862068965
}