{
  "Num Images": 6,
  "AP @IoU=0.50:0.95": 0.7270627062706271,
  "AP @IoU=0.50": 1.0,
  "AP @IoU=0.75": 0.8316831683168316,
  "AP @IoU=0.95": -1.0,
  "AR @maxDets=1": 0.7500000000000001,
  "AR @maxDets=10": 0.7500000000000001,
  "AR @maxDets=100": 0.7500000000000001
}