{
  "Num Images": 6,
  "AP @IoU=0.50:0.95": 0.7446534653465346,
  "AP @IoU=0.50": 1.0,
  "AP @IoU=0.75": 1.0,
  "AP @IoU=0.95": -1.0,
  "AR @maxDets=1": 0.7666666666666667,
  "AR @maxDets=10": 0.7666666666666667,
  "AR @maxDets=100": 0.7666666666666667
}