{
  "Num Images": 36,
  "AP @IoU=0.50:0.95": 0.40242933495635674,
  "AP @IoU=0.50": 0.6477187301558194,
  "AP @IoU=0.75": 0.4452898673325979,
  "AP @IoU=0.95": -1.0,
  "AR @maxDets=1": 0.5379310344827586,
  "AR @maxDets=10": 0.6103448275862069,
  "AR @maxDets=100": 0.6241379310344828
}