{
  "Num Images": 35,
  "AP @IoU=0.50:0.95": 0.4207507655944792,
  "AP @IoU=0.50": 0.6766046069598037,
  "AP @IoU=0.75": 0.43292975914132764,
  "AP @IoU=0.95": -1.0,
  "AR @maxDets=1": 0.4821428571428572,
  "AR @maxDets=10": 0.5714285714285714,
  "AR @maxDets=100": 0.5714285714285714
}