{
  "Num Images": 35,
  "AP @IoU=0.50:0.95": 0.4293305710586392,
  "AP @IoU=0.50": 0.720489139253818,
  "AP @IoU=0.75": 0.4991095723011375,
  "AP @IoU=0.95": -1.0,
  "AR @maxDets=1": 0.49285714285714277,
  "AR @maxDets=10": 0.5999999999999999,
  "AR @maxDets=100": 0.5999999999999999
}