{
  "Num Images": 102,
  "AP @IoU=0.50:0.95": 0.6931147315348225,
  "AP @IoU=0.50": 0.8731329850822841,
  "AP @IoU=0.75": 0.8403703531936229,
  "AP @IoU=0.95": -1.0,
  "AR @maxDets=1": 0.7571428571428571,
  "AR @maxDets=10": 0.8,
  "AR @maxDets=100": 0.8
}