{
  "Num Images": 221,
  "AP @IoU=0.50:0.95": 0.7873463317942151,
  "AP @IoU=0.50": 0.8937932061261405,
  "AP @IoU=0.75": 0.8937932061261405,
  "AP @IoU=0.95": -1.0,
  "AR @maxDets=1": 0.8708108108108108,
  "AR @maxDets=10": 0.9086486486486487,
  "AR @maxDets=100": 0.911891891891892
}