{
  "Num Images": 38,
  "AP @IoU=0.50:0.95": 0.3137805292731198,
  "AP @IoU=0.50": 0.5505152748855258,
  "AP @IoU=0.75": 0.27267267055640076,
  "AP @IoU=0.95": -1.0,
  "AR @maxDets=1": 0.41666666666666663,
  "AR @maxDets=10": 0.48666666666666664,
  "AR @maxDets=100": 0.48666666666666664
}
