{
  "Num Images": 127,
  "AP @IoU=0.50:0.95": 0.3285230054777652,
  "AP @IoU=0.50": 0.42962631397930473,
  "AP @IoU=0.75": 0.4019465536060428,
  "AP @IoU=0.95": -1.0,
  "AR @maxDets=1": 0.4341666666666667,
  "AR @maxDets=10": 0.46499999999999997,
  "AR @maxDets=100": 0.46499999999999997
}