{
  "Num Images": 36,
  "AP @IoU=0.50:0.95": 0.47680016744418935,
  "AP @IoU=0.50": 0.7536355484555928,
  "AP @IoU=0.75": 0.5524441180381775,
  "AP @IoU=0.95": -1.0,
  "AR @maxDets=1": 0.5793103448275863,
  "AR @maxDets=10": 0.6310344827586207,
  "AR @maxDets=100": 0.6310344827586207
}