{
  "Num Images": 6,
  "AP @IoU=0.50:0.95": 0.7297029702970297,
  "AP @IoU=0.50": 1.0,
  "AP @IoU=0.75": 0.8316831683168316,
  "AP @IoU=0.95": -1.0,
  "AR @maxDets=1": 0.75,
  "AR @maxDets=10": 0.75,
  "AR @maxDets=100": 0.75
}