{
  "Num Images": 269,
  "AP @IoU=0.50:0.95": 0.47930075152411855,
  "AP @IoU=0.50": 0.6817139737860936,
  "AP @IoU=0.75": 0.3563058522188953,
  "AR @IoU=0.50:0.95": 0.7085585585585585,
  "AR @IoU=0.50": 0.8738738738738738,
  "AR @IoU=0.75": 0.6081081081081081
}