{
  "Num Images": 36,
  "AP @IoU=0.50:0.95": 0.31379328941034934,
  "AP @IoU=0.50": 0.5267433981024817,
  "AP @IoU=0.75": 0.2499576880765,
  "AR @IoU=0.50:0.95": 0.5517241379310345,
  "AR @IoU=0.50": 0.7241379310344828,
  "AR @IoU=0.75": 0.5517241379310345
}