{
  "Num Images": 221,
  "AP @IoU=0.50:0.95": 0.5803332280809634,
  "AP @IoU=0.50": 0.7205617916745242,
  "AP @IoU=0.75": 0.5103548829503103,
  "AR @IoU=0.50:0.95": 0.7702702702702703,
  "AR @IoU=0.50": 0.8864864864864865,
  "AR @IoU=0.75": 0.7081081081081081
}