{
  "Num Images": 46,
  "AP @IoU=0.50:0.95": 0.641432835743796,
  "AP @IoU=0.50": 0.8788919497453446,
  "AP @IoU=0.75": 0.578822533798575,
  "AR @IoU=0.50:0.95": 0.7810344827586208,
  "AR @IoU=0.50": 0.9310344827586207,
  "AR @IoU=0.75": 0.7413793103448276
}