{
  "Num Images": 127,
  "AP @IoU=0.50:0.95": 0.16147366288286177,
  "AP @IoU=0.50": 0.30233936573791764,
  "AP @IoU=0.75": 0.10288406688139133,
  "AR @IoU=0.50:0.95": 0.29833333333333334,
  "AR @IoU=0.50": 0.48333333333333334,
  "AR @IoU=0.75": 0.21666666666666667
}