{
  "Num Images": 127,
  "AP @IoU=0.50:0.95": 0.2289592666498574,
  "AP @IoU=0.50": 0.31263940135672236,
  "AP @IoU=0.75": 0.18343267362286736,
  "AR @IoU=0.50:0.95": 0.4058333333333334,
  "AR @IoU=0.50": 0.5083333333333333,
  "AR @IoU=0.75": 0.35
}