{
  "Num Images": 127,
  "AP @IoU=0.50:0.95": 0.3654263719254869,
  "AP @IoU=0.50": 0.5222574468684654,
  "AP @IoU=0.75": 0.3147056731500902,
  "AR @IoU=0.50:0.95": 0.5033333333333333,
  "AR @IoU=0.50": 0.65,
  "AR @IoU=0.75": 0.4583333333333333
}