{
  "Num Images": 35,
  "AP @IoU=0.50:0.95": 0.37433427281803805,
  "AP @IoU=0.50": 0.5995860720525834,
  "AP @IoU=0.75": 0.3645379537953795,
  "AR @IoU=0.50:0.95": 0.5428571428571429,
  "AR @IoU=0.50": 0.75,
  "AR @IoU=0.75": 0.5357142857142857
}