{
  "Num Images": 218,
  "AP @IoU=0.50:0.95": 0.6337846186627818,
  "AP @IoU=0.50": 0.773989736163502,
  "AP @IoU=0.75": 0.6044853313455291,
  "AR @IoU=0.50:0.95": 0.820879120879121,
  "AR @IoU=0.50": 0.9230769230769231,
  "AR @IoU=0.75": 0.7967032967032966
}