{
  "Num Images": 127,
  "AP @IoU=0.50:0.95": 0.21767217649000356,
  "AP @IoU=0.50": 0.342216675335803,
  "AP @IoU=0.75": 0.16357865456571094,
  "AR @IoU=0.50:0.95": 0.40750000000000003,
  "AR @IoU=0.50": 0.55,
  "AR @IoU=0.75": 0.35
}