{
  "Num Images": 36,
  "AP @IoU=0.50:0.95": 0.32626398189773986,
  "AP @IoU=0.50": 0.4686371469659281,
  "AP @IoU=0.75": 0.33235224782982503,
  "AR @IoU=0.50:0.95": 0.5655172413793104,
  "AR @IoU=0.50": 0.6896551724137931,
  "AR @IoU=0.75": 0.5517241379310345
}