{
  "Num Images": 6,
  "AP @IoU=0.50:0.95": 0.5283828382838285,
  "AP @IoU=0.50": 1.0,
  "AP @IoU=0.75": 0.16831683168316833,
  "AR @IoU=0.50:0.95": 0.6333333333333332,
  "AR @IoU=0.50": 1.0,
  "AR @IoU=0.75": 0.3333333333333333
}