{
  "Num Images": 6,
  "AP @IoU=0.50:0.95": 0.7539933993399339,
  "AP @IoU=0.50": 1.0,
  "AP @IoU=0.75": 0.6316831683168317,
  "AR @IoU=0.50:0.95": 0.7833333333333333,
  "AR @IoU=0.50": 1.0,
  "AR @IoU=0.75": 0.6666666666666666
}