{
  "Num Images": 60,
  "AP @IoU=0.50:0.95": 0.48230304263618456,
  "AP @IoU=0.50": 0.8518457478645702,
  "AP @IoU=0.75": 0.2843095299544387,
  "AR @IoU=0.50:0.95": 0.5944444444444444,
  "AR @IoU=0.50": 0.8888888888888888,
  "AR @IoU=0.75": 0.4444444444444444
}