{
  "Num Images": 218,
  "AP @IoU=0.50:0.95": 0.0446629712729539,
  "AP @IoU=0.50": 0.11611279435266456,
  "AP @IoU=0.75": 0.013988101503275771,
  "AR @IoU=0.50:0.95": 0.12692307692307692,
  "AR @IoU=0.50": 0.23626373626373626,
  "AR @IoU=0.75": 0.08241758241758242
}