{
  "Num Images": 36,
  "AP @IoU=0.50:0.95": 0.2790561291525335,
  "AP @IoU=0.50": 0.5140058193210876,
  "AP @IoU=0.75": 0.1778846869649371,
  "AR @IoU=0.50:0.95": 0.5379310344827586,
  "AR @IoU=0.50": 0.7241379310344828,
  "AR @IoU=0.75": 0.4482758620689655
}