{
  "Num Images": 102,
  "AP @IoU=0.50:0.95": 0.41377627208449436,
  "AP @IoU=0.50": 0.5835320983005762,
  "AP @IoU=0.75": 0.3504673346262232,
  "AR @IoU=0.50:0.95": 0.6051020408163266,
  "AR @IoU=0.50": 0.7551020408163265,
  "AR @IoU=0.75": 0.5612244897959183
}