{
  "Num Images": 127,
  "AP @IoU=0.50:0.95": 0.22430950336933805,
  "AP @IoU=0.50": 0.3534808334458601,
  "AP @IoU=0.75": 0.1722946942894419,
  "AR @IoU=0.50:0.95": 0.41500000000000004,
  "AR @IoU=0.50": 0.55,
  "AR @IoU=0.75": 0.35833333333333334
}