{
  "Num Images": 38,
  "AP @IoU=0.50:0.95": 0.26076769195992117,
  "AP @IoU=0.50": 0.42379733548096626,
  "AP @IoU=0.75": 0.1742872569190346,
  "AR @IoU=0.50:0.95": 0.5266666666666667,
  "AR @IoU=0.50": 0.7,
  "AR @IoU=0.75": 0.43333333333333335
}