{
  "Num Images": 36,
  "AP @IoU=0.50:0.95": 0.2392561010302409,
  "AP @IoU=0.50": 0.45164477813962806,
  "AP @IoU=0.75": 0.14527731257798998,
  "AR @IoU=0.50:0.95": 0.496551724137931,
  "AR @IoU=0.50": 0.6896551724137931,
  "AR @IoU=0.75": 0.41379310344827586
}