{
  "Num Images": 6,
  "AP @IoU=0.50:0.95": 0.6686468646864687,
  "AP @IoU=0.50": 1.0,
  "AP @IoU=0.75": 0.4422442244224422,
  "AR @IoU=0.50:0.95": 0.7833333333333333,
  "AR @IoU=0.50": 1.0,
  "AR @IoU=0.75": 0.6666666666666666
}