{
  "Num Images": 6,
  "AP @IoU=0.50:0.95": 0.3734323432343234,
  "AP @IoU=0.50": 0.7491749174917492,
  "AP @IoU=0.75": 0.2524752475247525,
  "AR @IoU=0.50:0.95": 0.5666666666666667,
  "AR @IoU=0.50": 0.8333333333333334,
  "AR @IoU=0.75": 0.5
}