{
  "Num Images": 127,
  "AP @IoU=0.50:0.95": 0.20791509671447767,
  "AP @IoU=0.50": 0.31110140815051357,
  "AP @IoU=0.75": 0.14722873353537655,
  "AR @IoU=0.50:0.95": 0.38916666666666666,
  "AR @IoU=0.50": 0.5166666666666667,
  "AR @IoU=0.75": 0.31666666666666665
}