{
  "Num Images": 221,
  "AP @IoU=0.50:0.95": 0.6131451581574441,
  "AP @IoU=0.50": 0.7762499041475599,
  "AP @IoU=0.75": 0.5175802825639971,
  "AR @IoU=0.50:0.95": 0.7875675675675675,
  "AR @IoU=0.50": 0.9027027027027027,
  "AR @IoU=0.75": 0.7189189189189189
}