{
  "Num Images": 6,
  "AP @IoU=0.50:0.95": 0.500990099009901,
  "AP @IoU=0.50": 1.0,
  "AP @IoU=0.75": 0.30297029702970296,
  "AR @IoU=0.50:0.95": 0.5999999999999999,
  "AR @IoU=0.50": 1.0,
  "AR @IoU=0.75": 0.5
}