{
  "Num Images": 347,
  "AP @IoU=0.50:0.95": 0.557355841579179,
  "AP @IoU=0.50": 0.6966095370231482,
  "AP @IoU=0.75": 0.4723323738953004,
  "AR @IoU=0.50:0.95": 0.7654545454545455,
  "AR @IoU=0.50": 0.8763636363636363,
  "AR @IoU=0.75": 0.6981818181818182
}