{
  "Num Images": 5,
  "AP @IoU=0.50:0.95": 0.3353960396039604,
  "AP @IoU=0.50": 0.6415841584158416,
  "AP @IoU=0.75": 0.20297029702970298,
  "AR @IoU=0.50:0.95": 0.52,
  "AR @IoU=0.50": 0.8,
  "AR @IoU=0.75": 0.4
}