{
  "Num Images": 6,
  "AP @IoU=0.50:0.95": 0.5813531353135314,
  "AP @IoU=0.50": 1.0,
  "AP @IoU=0.75": 0.6105610561056106,
  "AR @IoU=0.50:0.95": 0.6166666666666666,
  "AR @IoU=0.50": 1.0,
  "AR @IoU=0.75": 0.6666666666666666
}