{
  "Num Images": 38,
  "AP @IoU=0.50:0.95": 0.279101119929394,
  "AP @IoU=0.50": 0.5095279953783914,
  "AP @IoU=0.75": 0.1820587433977919,
  "AR @IoU=0.50:0.95": 0.5466666666666666,
  "AR @IoU=0.50": 0.7666666666666667,
  "AR @IoU=0.75": 0.4666666666666667
}