{
  "Num Images": 60,
  "AP @IoU=0.50:0.95": 0.5319601884642856,
  "AP @IoU=0.50": 0.8219818888034669,
  "AP @IoU=0.75": 0.39325706503351837,
  "AR @IoU=0.50:0.95": 0.6777777777777778,
  "AR @IoU=0.50": 0.8888888888888888,
  "AR @IoU=0.75": 0.5833333333333334
}