{
  "Num Images": 60,
  "AP @IoU=0.50:0.95": 0.6423634611297908,
  "AP @IoU=0.50": 0.9078707103798656,
  "AP @IoU=0.75": 0.5730238396510458,
  "AR @IoU=0.50:0.95": 0.7694444444444444,
  "AR @IoU=0.50": 0.9444444444444444,
  "AR @IoU=0.75": 0.7361111111111112
}