{
  "Num Images": 6,
  "AP @IoU=0.50:0.95": 0.654950495049505,
  "AP @IoU=0.50": 0.7772277227722773,
  "AP @IoU=0.75": 0.7772277227722773,
  "AR @IoU=0.50:0.95": 0.75,
  "AR @IoU=0.50": 0.8333333333333334,
  "AR @IoU=0.75": 0.8333333333333334
}