{
  "Num Images": 6,
  "AP @IoU=0.50:0.95": 0.3681188118811881,
  "AP @IoU=0.50": 0.7772277227722773,
  "AP @IoU=0.75": 0.13465346534653466,
  "AR @IoU=0.50:0.95": 0.4833333333333334,
  "AR @IoU=0.50": 0.8333333333333334,
  "AR @IoU=0.75": 0.3333333333333333
}