{
  "Num Images": 35,
  "AP @IoU=0.50:0.95": 0.1462036775106082,
  "AP @IoU=0.50": 0.2407072135785007,
  "AP @IoU=0.75": 0.1364922206506365,
  "AR @IoU=0.50:0.95": 0.2571428571428571,
  "AR @IoU=0.50": 0.35714285714285715,
  "AR @IoU=0.75": 0.25
}