{
  "Num Images": 218,
  "AP @IoU=0.50:0.95": 0.6538020449962693,
  "AP @IoU=0.50": 0.7878663527665688,
  "AP @IoU=0.75": 0.5995363361813613,
  "AR @IoU=0.50:0.95": 0.8313186813186814,
  "AR @IoU=0.50": 0.9230769230769231,
  "AR @IoU=0.75": 0.7967032967032966
}