{
  "Num Images": 36,
  "AP @IoU=0.50:0.95": 0.2518533928589033,
  "AP @IoU=0.50": 0.47287398134248776,
  "AP @IoU=0.75": 0.1454037711463454,
  "AR @IoU=0.50:0.95": 0.496551724137931,
  "AR @IoU=0.50": 0.7241379310344828,
  "AR @IoU=0.75": 0.41379310344827586
}