{
  "Num Images": 218,
  "AP @IoU=0.50:0.95": 0.5644504430196231,
  "AP @IoU=0.50": 0.7409021907818067,
  "AP @IoU=0.75": 0.5054045541629164,
  "AR @IoU=0.50:0.95": 0.7901098901098902,
  "AR @IoU=0.50": 0.9230769230769231,
  "AR @IoU=0.75": 0.7417582417582418
}