{
  "Num Images": 6,
  "AP @IoU=0.50:0.95": 0.5134983498349833,
  "AP @IoU=0.50": 1.0,
  "AP @IoU=0.75": 0.2356435643564356,
  "AR @IoU=0.50:0.95": 0.5833333333333334,
  "AR @IoU=0.50": 1.0,
  "AR @IoU=0.75": 0.3333333333333333
}