{
  "Num Images": 347,
  "AP @IoU=0.50:0.95": 0.49163492125538266,
  "AP @IoU=0.50": 0.6820401104632188,
  "AP @IoU=0.75": 0.37485931099900927,
  "AR @IoU=0.50:0.95": 0.7101818181818182,
  "AR @IoU=0.50": 0.8654545454545455,
  "AR @IoU=0.75": 0.6145454545454545
}