{
    "train": {
        "loss": 0.1782199740409851,
        "iou_score": 0.8238269686698914
    },
    "eval": {
        "loss": 0.47444912791252136,
        "iou_score": 0.5264034867286682
    },
    "step": 99
}