{
    "step": 1,
    "train": {
        "loss": 0.20989388227462769,
        "iou_score": 0.787077784538269
    },
    "eval": {
        "loss": 0.4178799092769623,
        "iou_score": 0.5821201205253601
    }
}