{
    "step": 99,
    "train": {
        "loss": 0.5730780363082886,
        "classification_loss": 0.1300390362739563,
        "regularization_loss": 0.0,
        "box_loss": 0.4430389404296875
    },
    "eval": {
        "MeanAveragePrecision": 0.17832069098949432,
        "Recall": 0.3107143044471741,
        "loss": 6.689833641052246,
        "classification_loss": 3.36116361618042,
        "box_loss": 3.328670024871826,
        "regularization_loss": 0.0
    }
}