{
    "step": 99,
    "train": {
        "loss": 0.6554863452911377,
        "classification_loss": 0.16159743070602417,
        "regularization_loss": 0.0,
        "box_loss": 0.4938890039920807
    },
    "eval": {
        "MeanAveragePrecision": 0.3579343259334564,
        "Recall": 0.586904764175415,
        "loss": 5.470210552215576,
        "classification_loss": 2.6863350868225098,
        "box_loss": 2.7838759422302246,
        "regularization_loss": 0.0
    }
}