{
    "step": 59,
    "train": {
        "loss": 0.04061587154865265
    },
    "eval": {
        "loss": 0.42029106616973877
    }
}