{
    "step": 49,
    "train": {
        "loss": 0.008699892088770866
    },
    "eval": {
        "loss": 0.24879808723926544
    }
}