{
    "step": 9,
    "train": {
        "loss": 0.16610552370548248
    },
    "eval": {
        "loss": 0.5073047280311584
    }
}