{
    "step": 59,
    "train": {
        "loss": 0.009677136316895485
    },
    "eval": {
        "loss": 0.267760306596756
    }
}