{
    "step": 49,
    "train": {
        "loss": 0.00873544905334711
    },
    "eval": {
        "loss": 0.25341007113456726
    }
}