{
    "step": 59,
    "train": {
        "loss": 0.009624971076846123
    },
    "eval": {
        "loss": 0.26936665177345276
    }
}