{
    "step": 99,
    "train": {
        "loss": 0.5417559742927551,
        "classification_loss": 0.1465245634317398,
        "regularization_loss": 0.0,
        "box_loss": 0.3952314257621765
    },
    "eval": {
        "MeanAveragePrecision": 0.4274035394191742,
        "Recall": 0.6270491480827332,
        "loss": 3.108128309249878,
        "classification_loss": 1.261068344116211,
        "box_loss": 1.8470598459243774,
        "regularization_loss": 0.0
    }
}