{
    "step": 99,
    "train": {
        "loss": 0.5561139583587646,
        "classification_loss": 0.10348789393901825,
        "regularization_loss": 0.0,
        "box_loss": 0.4526260793209076
    },
    "eval": {
        "MeanAveragePrecision": 0.15516820549964905,
        "Recall": 0.32380953431129456,
        "loss": 6.27412223815918,
        "classification_loss": 3.120276927947998,
        "box_loss": 3.1538453102111816,
        "regularization_loss": 0.0
    }
}