{
    "step": 0,
    "train": {
        "loss": 1.0542386770248413
    },
    "eval": {
        "loss": 0.7735229134559631
    }
}