{
    "step": 59,
    "train": {
        "loss": 0.24135759472846985,
        "classification_loss": 0.011997878551483154,
        "regularization_loss": 0.0,
        "box_loss": 0.22935976088047028
    },
    "eval": {
        "Mean Average Precision": 0.13548855483531952,
        "Recall": 0.29156625270843506,
        "loss": 9.82756233215332,
        "classification_loss": 6.611559867858887,
        "box_loss": 3.2160024642944336,
        "regularization_loss": 0.0
    }
}