{
    "step": 99,
    "train": {
        "loss": 0.5782155990600586,
        "classification_loss": 0.16866524517536163,
        "regularization_loss": 0.0,
        "box_loss": 0.40955036878585815
    },
    "eval": {
        "MeanAveragePrecision": 0.42299002408981323,
        "Recall": 0.6081300973892212,
        "loss": 5.426846504211426,
        "classification_loss": 2.481335163116455,
        "box_loss": 2.9455113410949707,
        "regularization_loss": 0.0
    }
}