{
    "step": 49,
    "train": {
        "loss": 0.09060849249362946
    },
    "eval": {
        "loss": 0.3499082326889038
    }
}