{
    "step": 0,
    "train": {
        "loss": 32.89353942871094,
        "classification_loss": 18.85276222229004,
        "regularization_loss": 0.0,
        "box_loss": 14.040777206420898
    },
    "eval": {
        "MeanAveragePrecision": 5.083948963147122e-06,
        "Recall": 0.004545454867184162,
        "loss": 86.40738677978516,
        "classification_loss": 72.80342864990234,
        "box_loss": 13.603960037231445,
        "regularization_loss": 0.0
    }
}