{
    "step": 119,
    "train": {
        "loss": 1.724528193473816,
        "classification_loss": 0.47257277369499207,
        "regularization_loss": 0.0,
        "box_loss": 1.251955270767212
    },
    "eval": {
        "Mean Average Precision": 0.14251653850078583,
        "Recall": 0.28795182704925537,
        "loss": 5.5555315017700195,
        "classification_loss": 2.3305275440216064,
        "box_loss": 3.225004196166992,
        "regularization_loss": 0.0
    }
}