{
    "step": 49,
    "train": {
        "loss": 0.03511852025985718
    },
    "eval": {
        "loss": 0.36693382263183594
    }
}