{
    "step": 7,
    "train": {
        "loss": 5.318084716796875,
        "classification_loss": 2.2635436058044434,
        "regularization_loss": 0.0,
        "box_loss": 3.0545411109924316
    },
    "eval": {
        "MeanAveragePrecision": 0.09445752203464508,
        "Recall": 0.1909836083650589,
        "loss": 7.778172016143799,
        "classification_loss": 3.269740581512451,
        "box_loss": 4.508431911468506,
        "regularization_loss": 0.0
    }
}