{
    "step": 99,
    "train": {
        "loss": 0.49102529883384705,
        "classification_loss": 0.08406725525856018,
        "regularization_loss": 0.0,
        "box_loss": 0.40695804357528687
    },
    "eval": {
        "MeanAveragePrecision": 0.4174550473690033,
        "Recall": 0.625,
        "loss": 5.564176082611084,
        "classification_loss": 2.803009271621704,
        "box_loss": 2.76116681098938,
        "regularization_loss": 0.0
    }
}