{
    "step": 19,
    "train": {
        "loss": 0.0763336569070816
    },
    "eval": {
        "loss": 0.30719321966171265
    }
}