{
    "step": 99,
    "train": {
        "loss": 0.05712835118174553,
        "mae": 0.1702529489994049
    },
    "eval": {
        "loss": 0.05435542017221451,
        "mae": 0.1632101833820343
    }
}