{
    "step": 49,
    "train": {
        "loss": 0.13394364714622498,
        "iou_score": 0.8706328868865967
    },
    "eval": {
        "loss": 0.5029364824295044,
        "iou_score": 0.4970634877681732
    }
}