{
    "step": 24,
    "train": {
        "loss": 0.23865221440792084,
        "iou_score": 0.7682581543922424
    },
    "eval": {
        "loss": 0.41469037532806396,
        "iou_score": 0.585309624671936
    }
}