{
    "step": 59,
    "train": {
        "loss": 0.20188327133655548,
        "iou_score": 0.8060486912727356
    },
    "eval": {
        "loss": 0.3648972511291504,
        "iou_score": 0.6351027488708496
    }
}