{
    "step": 99,
    "train": {
        "loss": 0.17681722342967987,
        "iou_score": 0.8277297616004944
    },
    "eval": {
        "loss": 0.5251570343971252,
        "iou_score": 0.4691040813922882
    }
}