{
    "step": 99,
    "train": {
        "loss": 0.2634314298629761,
        "iou_score": 0.7459172010421753
    },
    "eval": {
        "loss": 0.5003454685211182,
        "iou_score": 0.5009003281593323
    }
}