{
    "step": 19,
    "train": {
        "loss": 0.23976635932922363,
        "iou_score": 0.7605727314949036
    },
    "eval": {
        "loss": 0.38407906889915466,
        "iou_score": 0.6159209609031677
    }
}