{
    "step": 59,
    "train": {
        "loss": 0.11146634817123413,
        "iou_score": 0.8877248167991638
    },
    "eval": {
        "loss": 0.5462685823440552,
        "iou_score": 0.44610777497291565
    }
}