{
    "step": 99,
    "train": {
        "loss": 0.10034165531396866,
        "iou_score": 0.8935443162918091
    },
    "eval": {
        "loss": 0.5405171513557434,
        "iou_score": 0.4510554373264313
    }
}