{
    "step": 9,
    "train": {
        "loss": 0.1934238076210022,
        "iou_score": 0.8065761923789978
    },
    "eval": {
        "loss": 0.39670124650001526,
        "iou_score": 0.6032987236976624
    }
}