{
    "step": 75,
    "train": {
        "loss": 0.2006802260875702,
        "iou_score": 0.7998716235160828
    },
    "eval": {
        "loss": 0.5276303887367249,
        "iou_score": 0.4795409142971039
    }
}