{
    "step": 49,
    "train": {
        "loss": 0.12027699500322342,
        "iou_score": 0.8797230124473572
    },
    "eval": {
        "loss": 0.4246924817562103,
        "iou_score": 0.5753075480461121
    }
}