{
    "step": 59,
    "train": {
        "loss": 0.12114644050598145,
        "iou_score": 0.8761043548583984
    },
    "eval": {
        "loss": 0.5499342679977417,
        "iou_score": 0.4440819025039673
    }
}