{
    "step": 99,
    "train": {
        "loss": 0.2637978196144104,
        "iou_score": 0.7391254305839539
    },
    "eval": {
        "loss": 0.4880712926387787,
        "iou_score": 0.5131229162216187
    }
}