{
    "step": 59,
    "train": {
        "loss": 0.21114987134933472,
        "iou_score": 0.7977094054222107
    },
    "eval": {
        "loss": 0.3846372067928314,
        "iou_score": 0.615362823009491
    }
}