{
    "step": 4,
    "train": {
        "loss": 0.5095818042755127,
        "iou_score": 0.4904182255268097
    },
    "eval": {
        "loss": 0.9752090573310852,
        "iou_score": 0.02479085512459278
    }
}