{
    "step": 99,
    "train": {
        "loss": 0.2342262715101242,
        "iou_score": 0.7714731097221375
    },
    "eval": {
        "loss": 0.4888567626476288,
        "iou_score": 0.5122215151786804
    }
}