{
    "step": 99,
    "train": {
        "loss": 0.08763635903596878,
        "iou_score": 0.9105411171913147
    },
    "eval": {
        "loss": 0.5309417247772217,
        "iou_score": 0.46063709259033203
    }
}