{
    "step": 99,
    "train": {
        "loss": 0.25619158148765564,
        "iou_score": 0.7449595332145691
    },
    "eval": {
        "loss": 0.5153518319129944,
        "iou_score": 0.47984638810157776
    }
}