{
    "step": 0,
    "train": {
        "loss": 0.4734858572483063,
        "iou_score": 0.5210838317871094
    },
    "eval": {
        "loss": 0.38312339782714844,
        "iou_score": 0.6168766021728516
    }
}