{
    "step": 59,
    "train": {
        "loss": 0.10617472231388092,
        "iou_score": 0.8987274169921875
    },
    "eval": {
        "loss": 0.3797231912612915,
        "iou_score": 0.6202768087387085
    }
}