{
    "step": 24,
    "train": {
        "loss": 0.24308215081691742,
        "iou_score": 0.7643112540245056
    },
    "eval": {
        "loss": 0.40099653601646423,
        "iou_score": 0.5990034937858582
    }
}