{
    "step": 59,
    "train": {
        "loss": 0.11021630465984344,
        "iou_score": 0.8903489708900452
    },
    "eval": {
        "loss": 0.5235708355903625,
        "iou_score": 0.4804016649723053
    }
}