{
    "step": 24,
    "train": {
        "loss": 0.10820483416318893,
        "iou_score": 0.7822369337081909
    },
    "eval": {
        "loss": 0.46483492851257324,
        "iou_score": 0.3653416037559509
    }
}