{
    "step": 149,
    "train": {
        "loss": 0.10148178040981293,
        "iou_score": 0.8165172934532166
    },
    "eval": {
        "loss": 0.2613656222820282,
        "iou_score": 0.5900337100028992
    }
}