{
    "step": 99,
    "train": {
        "loss": 0.08189316838979721,
        "iou_score": 0.8486552834510803
    },
    "eval": {
        "loss": 0.3103789687156677,
        "iou_score": 0.530102014541626
    }
}