{
    "step": 99,
    "train": {
        "loss": 0.1004963219165802,
        "iou_score": 0.8177827000617981
    },
    "eval": {
        "loss": 0.2489730417728424,
        "iou_score": 0.6029998660087585
    }
}