{
    "step": 0,
    "train": {
        "loss": 0.8144996762275696,
        "iou_score": 0.1182752251625061
    },
    "eval": {
        "loss": 0.9445332884788513,
        "iou_score": 0.02852444536983967
    }
}