{
    "step": 149,
    "train": {
        "loss": 0.083539217710495,
        "iou_score": 0.8475563526153564
    },
    "eval": {
        "loss": 0.26630181074142456,
        "iou_score": 0.580375611782074
    }
}