{
    "step": 59,
    "train": {
        "loss": 0.18155717849731445,
        "iou_score": 0.6857941746711731
    },
    "eval": {
        "loss": 0.28895506262779236,
        "iou_score": 0.5516261458396912
    }
}