{
    "step": 59,
    "train": {
        "loss": 0.18327972292900085,
        "iou_score": 0.6779325604438782
    },
    "eval": {
        "loss": 0.2637188136577606,
        "iou_score": 0.5784578919410706
    }
}