{
    "step": 59,
    "train": {
        "loss": 0.05184558033943176,
        "iou_score": 0.8726872801780701
    },
    "eval": {
        "loss": 0.35745930671691895,
        "iou_score": 0.4733407199382782
    }
}