{
    "step": 24,
    "train": {
        "loss": 0.10725995153188705,
        "iou_score": 0.7840328812599182
    },
    "eval": {
        "loss": 0.4146285951137543,
        "iou_score": 0.41379866003990173
    }
}