{
    "step": 59,
    "train": {
        "loss": 0.11397697031497955,
        "iou_score": 0.7479207515716553
    },
    "eval": {
        "loss": 0.3808051645755768,
        "iou_score": 0.44843024015426636
    }
}