{
    "step": 49,
    "train": {
        "loss": 0.058183349668979645,
        "iou_score": 0.8911526799201965
    },
    "eval": {
        "loss": 0.3337884843349457,
        "iou_score": 0.49948829412460327
    }
}