{
    "step": 149,
    "train": {
        "loss": 0.08092029392719269,
        "iou_score": 0.8505725860595703
    },
    "eval": {
        "loss": 0.2618601620197296,
        "iou_score": 0.5849077701568604
    }
}