{
    "step": 59,
    "train": {
        "loss": 0.05510280653834343,
        "iou_score": 0.8663361668586731
    },
    "eval": {
        "loss": 0.3489667475223541,
        "iou_score": 0.4826161861419678
    }
}