{
    "step": 149,
    "train": {
        "loss": 0.08291427791118622,
        "iou_score": 0.8476091623306274
    },
    "eval": {
        "loss": 0.26280689239501953,
        "iou_score": 0.5824965238571167
    }
}