{
    "step": 59,
    "train": {
        "loss": 0.0672435462474823,
        "iou_score": 0.8723134398460388
    },
    "eval": {
        "loss": 0.27545586228370667,
        "iou_score": 0.5610668063163757
    }
}